employee_id,first_name,last_name,email,iban,contract_type,department,working_hours,monthly_salary,bonus,overtime_hours,start_date,end_date
EMP-00001,Hugo,Nilsen,hugo.nilsen1@example.com,IT77W1106311874243212200001,part_time,HR,30,1900,0,8,2019-06-24,
EMP-00002,Alma,Yilmaz,alma.yilmaz2@example.com,IT99K4955527974141524000002,part_time,HR,20,1300,0,6,2024-07-23,
EMP-00003,Bekir,Caruso,bekir.caruso3@example.com,IT41W8872336306403010000003,full_time,Marketing,40,2750,0,0,2013-11-16,
EMP-00004,Greta,Santoro,greta.santoro4@example.com,IT62U2471513208374871600004,full_time,Operations,40,2250,150,10,2012-11-17,
EMP-00005,Dario,Ferrari,dario.ferrari5@example.com,IT77R9333819798804980000005,full_time,HR,40,2163,100,0,2023-09-20,
EMP-00006,Irene,Marino,irene.marino6@example.com,IT78E0435582344015873800006,part_time,Engineering,30,2350,0,8,2016-03-16,
EMP-00007,Paola,Marino,paola.marino7@example.com,IT34A0517773317572119700007,fixed_term,HR,40,3150,0,16,2021-12-04,
EMP-00008,Hugo,Okafor,hugo.okafor8@example.com,IT30A2212552786897453400008,full_time,Engineering,40,4350,0,4,2016-07-25,
EMP-00009,Paola,Testa,paola.testa9@example.com,IT80P3689021143288608800009,full_time,Finance,40,2850,0,10,2024-10-07,
EMP-00010,Ugo,Haddad,ugo.haddad10@example.com,IT30D5059071084999233900010,full_time,Customer Support,40,1800,0,0,2018-01-02,
EMP-00011,Omar,Mancini,omar.mancini11@example.com,IT22R4218124315467889500011,fixed_term,Marketing,40,3050,0,0,2017-03-12,
EMP-00012,Carla,Greco,carla.greco12@example.com,IT46S5472241880609009200012,full_time,Marketing,40,1800,0,20,2019-02-27,
EMP-00013,Hugo,Mancini,hugo.mancini13@example.com,IT38F0233913354864611100013,full_time,Engineering,40,2950,0,0,2021-03-10,
EMP-00014,Mira,Silva,mira.silva14@example.com,IT38X5610169210682632700014,part_time,Finance,24,1650,100,0,2023-03-16,
EMP-00015,Hugo,Serra,hugo.serra15@example.com,IT28L4078534809368015900015,full_time,Customer Support,40,1950,0,4,2022-08-23,
EMP-00016,Yara,Sartori,yara.sartori16@example.com,IT18C2645952254825321100016,full_time,Finance,40,2500,0,12,2019-01-08,
EMP-00018,Paola,Brandt,paola.brandt18@example.com,IT21R0449183523046999300018,full_time,Sales,40,2450,0,4,2017-08-17,
EMP-00019,Ilaria,Kowalski,ilaria.kowalski19@example.com,IT15K2843223780030809400019,full_time,HR,40,3300,0,0,2020-11-04,
EMP-00020,Katia,Fischer,katia.fischer20@example.com,IT13W4010039802658875500020,full_time,Engineering,40,2850,240,0,2023-03-08,
EMP-00021,Luca,Okafor,luca.okafor21@example.com,IT29S1866735018931547800021,full_time,Customer Support,40,2300,70,0,2021-06-05,
EMP-00022,Paola,Novak,paola.novak22@example.com,IT11R0082547741205834000022,full_time,Sales,40,3400,0,8,2020-04-25,
EMP-00023,Dario,Romano,dario.romano23@example.com,IT95H3242229872186412300923,full_time,Operations,40,2300,100,4,2012-04-08,
EMP-00024,Paola,Okafor,paola.okafor24@example.com,IT56N0961841587361551000024,full_time,HR,40,2550,0,12,2021-12-25,
EMP-00025,Hugo,Santoro,hugo.santoro25@example.com,IT89D0061492870184271000025,full_time,HR,40,2100,0,4,2020-08-24,
EMP-00026,Jonas,Fischer,jonas.fischer26@example.com,IT25Z2991972865209091000026,full_time,Finance,40,2850,240,0,2024-10-09,
EMP-00027,Walter,Haddad,walter.haddad27@example.com,IT73P1478289940350232100027,apprenticeship,Operations,40,1500,0,4,2023-03-08,
EMP-00028,Omar,Haddad,omar.haddad28@example.com,IT47J0207108412847734400028,full_time,Sales,40,2850,0,20,2023-12-22,
EMP-00029,Bruno,Costa,bruno.costa29@example.com,IT10P0081144138361897200029,part_time,Marketing,20,1500,900,12,2018-08-05,
EMP-00030,Jonas,Haddad,jonas.haddad30@example.com,IT75H5534376638509432800030,fixed_term,Sales,40,2600,0,2,2023-09-23,
EMP-00031,Franco,Galli,franco.galli31@example.com,IT38F5038488241142112600031,full_time,HR,40,2250,0,0,2018-11-17,
EMP-00032,Luca,Dubois,luca.dubois32@example.com,IT22T7923922665573652500032,fixed_term,Finance,40,2600,0,10,2013-06-07,
EMP-00033,Zeno,Longo,zeno.longo33@example.com,IT35J7175791943604616200033,full_time,Finance,40,2200,0,16,2020-05-02,
EMP-00034,Dario,Nilsen,dario.nilsen34@example.com,IT93U6537503068155792100034,full_time,Customer Support,40,2400,0,8,2022-09-06,
EMP-00035,Alma,Nilsen,alma.nilsen35@example.com,IT95Z9263799089970551700035,full_time,Engineering,40,4000,0,10,2019-04-12,
EMP-00036,Lorenzo,Fischer,lorenzo.fischer36@example.com,IT14T5182352638137553000036,fixed_term,Customer Support,40,1850,0,0,2018-06-17,
EMP-00037,Luca,Lombardi,luca.lombardi37@example.com,IT26R4610809506737984100037,full_time,HR,40,3250,0,10,2012-10-26,
EMP-00038,Davide,Galli,davide.galli38@example.com,IT71K6181157632666823500038,full_time,Engineering,40,4150,0,4,2021-06-13,
EMP-00039,Zeno,Mancini,zeno.mancini39@example.com,IT53A8824844467641611000039,full_time,Engineering,40,3150,0,2,2018-07-12,
EMP-00040,Sergio,Pellegrini,sergio.pellegrini40@example.com,IT41Z4455492141853510200040,full_time,Marketing,40,2100,0,6,2021-03-16,
EMP-00041,Vera,Costa,vera.costa41@example.com,IT19C0458265727046044500041,fixed_term,Customer Support,40,2150,0,16,2014-08-24,
EMP-00042,Giulia,Kowalski,giulia.kowalski42@example.com,IT66B6038912088683164400042,full_time,Marketing,40,3078,0,0,2023-09-08,
EMP-00043,Marta,Petrov,marta.petrov43@example.com,IT15P8255883082212540700043,full_time,Customer Support,40,1900,80,0,2020-11-18,
EMP-00044,Ximena,Mancini,ximena.mancini44@example.com,IT62Z5393088816778443700044,full_time,Engineering,40,3750,200,0,2012-08-08,
EMP-00045,Vera,Vitale,vera.vitale45@example.com,IT23H1991879523370367100045,full_time,Customer Support,40,2400,0,4,2017-12-20,2024-09-30
EMP-00046,Mira,Fischer,mira.fischer46@example.com,IT98H7207907302134948600046,full_time,HR,40,3250,0,2,2012-02-04,
EMP-00047,Giulia,Martin,giulia.martin47@example.com,IT57Z3363848249202240800047,full_time,Engineering,40,2750,280,16,2019-01-06,
EMP-00048,Emma,Conti,emma.conti48@example.com,IT47H4879947695799841900048,full_time,HR,40,3200,0,2,2024-12-03,
EMP-00049,Franco,Ferrari,franco.ferrari49@example.com,IT51C7644284543145912900049,full_time,Customer Support,40,2000,0,0,2019-09-28,
EMP-00050,Luca,Okafor,luca.okafor50@example.com,IT26E7629923235547280500050,full_time,HR,40,2050,110,72,2023-11-21,
EMP-00051,Fabio,Longo,fabio.longo51@example.com,IT21R4230334315842639800051,apprenticeship,Customer Support,40,1350,0,20,2017-12-21,
EMP-00052,Sergio,Vitale,sergio.vitale52@example.com,IT42E0428390229664120500052,fixed_term,Marketing,40,2350,0,4,2018-02-28,
EMP-00053,Dario,Haddad,dario.haddad53@example.com,IT79N4684791919793953600053,part_time,Customer Support,20,1000,20,4,2016-02-14,
EMP-00054,Bruno,Rossi,bruno.rossi54@example.com,IT67P7072026279391232500054,full_time,Operations,40,2450,0,8,2016-01-16,
EMP-00055,Franco,Russo,franco.russo55@example.com,IT76G4808452377405773700055,full_time,Customer Support,40,1850,0,16,2020-01-14,
EMP-00056,Lorenzo,Weber,name.surname-example.com,IT98X7708003614444266600056,full_time,Sales,40,3100,0,20,2016-08-10,
EMP-00057,Katia,Ferrari,katia.ferrari57@example.com,IT27D3829003506776724200057,full_time,Customer Support,40,2200,0,0,2013-11-08,
EMP-00058,Hugo,Yilmaz,hugo.yilmaz58@example.com,IT92H2623372030133095400058,full_time,Sales,40,3150,240,2,2017-04-23,
EMP-00059,Nils,Leone,nils.leone59@example.com,IT40F0452941876241446200059,full_time,HR,40,3100,0,2,2016-11-21,
EMP-00060,Nils,Lombardi,nils.lombardi60@example.com,IT88V6216729097059997800060,part_time,HR,20,1450,0,6,2021-12-22,
EMP-00061,Zeno,Pellegrini,zeno.pellegrini61@example.com,IT10T4525188879610682400061,full_time,Customer Support,40,2184,120,0,2021-08-14,
EMP-00062,Dario,Villa,dario.villa62@example.com,IT27G0428953943779312300062,full_time,HR,40,3150,360,20,2020-03-12,
EMP-00063,Hamid,Petrov,hamid.petrov63@example.com,IT16X8102787428788351700063,part_time,Marketing,24,2000,0,6,2014-01-09,
EMP-00064,Dario,Rossi,dario.rossi64@example.com,IT94M0827103995198756000064,full_time,Sales,40,2950,0,0,2018-03-09,
EMP-00064,Dario,Rossi,dario.rossi64@example.com,IT94M0827103995198756000064,full_time,Sales,40,3200,0,0,2018-03-09,
EMP-00065,Marta,Testa,marta.testa65@example.com,IT70L4172543907623870800065,full_time,Marketing,40,2350,0,0,2012-12-19,
EMP-00066,Irene,Haddad,irene.haddad66@example.com,IT57M1043762894871255500066,full_time,Sales,40,1950,0,2,2014-08-14,
EMP-00067,Zeno,Dubois,zeno.dubois67@example.com,IT38B8031871967202128500067,fixed_term,Finance,40,2400,240,4,2013-08-01,
EMP-00068,Lorenzo,Testa,lorenzo.testa68@example.com,IT78T1058482367670172300068,full_time,Operations,40,2950,0,0,2023-07-08,
EMP-00069,Franco,Villa,franco.villa69@example.com,IT12N4151255698494469500069,fixed_term,Sales,40,3100,0,6,2024-07-06,
EMP-00070,Lorenzo,Marino,lorenzo.marino70@example.com,IT87N4665454228392282600070,full_time,Operations,40,2550,0,0,2016-10-21,
EMP-00071,Yara,,yara.galli71@example.com,IT72B8450186640263804300071,fixed_term,Sales,40,2650,80,10,2013-09-28,
EMP-00072,Ilaria,Conti,ilaria.conti72@example.com,IT15F6183223859919249100072,full_time,HR,40,2450,0,2,2022-01-15,
EMP-00073,Sergio,Haddad,sergio.haddad73@example.com,IT75W3965716521087973300073,full_time,Operations,40,2250,270,0,2021-12-04,
EMP-00074,Sergio,Silva,sergio.silva74@example.com,IT90S1920973906069269400074,apprenticeship,HR,40,1600,0,10,2013-01-22,
EMP-00075,Quirino,Moretti,quirino.moretti75@example.com,IT28H4511737924957582400075,part_time,HR,20,1400,0,4,2022-10-18,
EMP-00076,Davide,Rossi,davide.rossi76@example.com,IT55K2787217661022544900076,fixed_term,Operations,40,3200,0,8,2019-08-06,
EMP-00077,Giulia,Okafor,giulia.okafor77@example.com,IT80E6034624859137301200077,full_time,Engineering,40,4779,0,20,2023-07-11,
EMP-00078,Omar,Dubois,omar.dubois78@example.com,IT90J1857435150799082900078,full_time,Sales,40,2100,0,0,2020-04-23,
EMP-00079,Greta,Galli,greta.galli79@example.com,IT85A7085514519253283900079,full_time,HR,40,3400,370,6,2018-07-15,
EMP-00080,Bruno,Novak,bruno.novak80@example.com,IT94P4644788550248584200080,fixed_term,Customer Support,40,2250,110,10,2015-08-07,
EMP-00081,Emma,Marino,emma.marino81@example.com,IT77K6057644466361588600081,fixed_term,Sales,40,3150,0,110,2022-09-10,
EMP-00082,Lorenzo,Nilsen,lorenzo.nilsen82@example.com,IT28T5758082382825222500082,fixed_term,Operations,40,2200,0,0,2018-07-11,
EMP-00083,Jonas,Vitale,jonas.vitale83@example.com,IT76E5505502354689764800083,full_time,Sales,40,2550,200,8,2015-09-17,
EMP-00084,Quirino,Brandt,quirino.brandt84@example.com,IT61Q1057081993537311200084,part_time,Sales,30,2600,0,4,2016-03-18,
EMP-00085,Nadia,Ferrari,nadia.ferrari85@example.com,IT66U8449170336379370300085,full_time,Marketing,40,2900,0,0,2022-02-20,
EMP-00086,Dario,Marino,dario.marino86@example.com,IT60U0153163058813900500086,part_time,Customer Support,20,1200,0,0,2021-02-17,
EMP-00087,Omar,Esposito,omar.esposito87@example.com,IT28E8657216342766322000087,apprenticeship,Marketing,40,1900,0,12,2015-03-15,
EMP-00089,Ugo,Fischer,ugo.fischer89@example.com,IT30R6711521196959741900089,full_time,Operations,40,2550,0,12,2016-10-16,
EMP-00090,Dario,Leone,dario.leone90@example.com,IT47Y4977963650901912300090,part_time,Finance,20,1450,0,4,2014-08-26,
EMP-00091,Hugo,Marino,hugo.marino91@example.com,IT69A7915354437811962000091,full_time,Engineering,40,4600,0,0,2020-02-15,
EMP-00092,Carla,Villa,carla.villa92@example.com,IT71M9634317195384627700092,full_time,HR,40,2600,0,6,2015-09-05,
EMP-00093,Ada,Kowalski,ada.kowalski93@example.com,IT95P4243631900899984700093,full_time,Customer Support,40,,0,10,2015-09-17,
EMP-00094,Jamal,Caruso,jamal.caruso94@example.com,IT96T1957961065193886900094,full_time,Operations,40,2650,280,0,2015-01-13,
EMP-00095,Jamal,Galli,jamal.galli95@example.com,IT27A8560041210192928300095,fixed_term,Engineering,40,3950,110,4,2020-05-14,
EMP-00096,Klara,Greco,klara.greco96@example.com,IT34W6299881868442984400096,full_time,Marketing,40,3250,0,20,2021-02-15,
EMP-00097,Vera,Martin,vera.martin97@example.com,IT49U7911803323838129300097,fixed_term,Sales,40,2800,60,0,2016-05-14,
EMP-00098,Bruno,Marino,bruno.marino98@example.com,IT74E3347189637486242200098,full_time,Finance,40,3600,0,16,2013-07-17,
EMP-00099,Mira,Silva,mira.silva99@example.com,IT62R6000890284404170400099,full_time,Engineering,40,5368,0,0,2023-01-15,
EMP-00100,Dario,Lombardi,dario.lombardi100@example.com,IT36T2426981033088664200100,full_time,Customer Support,40,1800,0,2,2017-09-10,
EMP-00101,Nadia,Yilmaz,nadia.yilmaz101@example.com,IT52P1296651212226391900101,part_time,HR,30,2000,0,8,2012-07-14,
EMP-00102,Nadia,Pellegrini,nadia.pellegrini102@example.com,IT86H7379067873410168100102,part_time,Engineering,20,1600,150,4,2019-03-01,
EMP-00103,Ada,Kowalski,ada.kowalski103@example.com,IT14Z0477617966482708700103,fixed_term,Sales,40,3350,0,6,2020-09-06,
EMP-00104,Quirino,Longo,quirino.longo104@example.com,IT18S1575878945482705100104,part_time,Operations,20,1350,0,0,2012-12-02,
EMP-00105,Mira,Yilmaz,mira.yilmaz105@example.com,IT28G1162048787351270000105,full_time,Marketing,40,2550,0,20,2017-12-20,
EMP-00106,Sergio,Yilmaz,sergio.yilmaz106@example.com,IT23J2808097919076081700106,fixed_term,Customer Support,40,2550,0,0,2014-03-26,
EMP-00107,Quirino,Russo,quirino.russo107@example.com,IT31U4601285534816362500107,full_time,Operations,40,2400,0,20,2020-02-05,
EMP-00108,Franco,Mancini,franco.mancini108@example.com,IT17Z5548289405023295300108,full_time,Engineering,32,4750,340,0,2024-01-25,
EMP-00109,Omar,Villa,omar.villa109@example.com,IT65U5934989633503681100109,full_time,Engineering,40,4450,0,16,2023-08-07,
EMP-00110,Rosa,Brandt,rosa.brandt110@example.com,IT16A8338825640152105600110,full_time,Sales,40,3450,0,0,2015-08-13,
EMP-00111,Ugo,Russo,ugo.russo111@example.com,IT88Y3474889626130079900111,full_time,Sales,40,2350,270,0,2016-10-27,
EMP-00112,Sergio,Ricci,sergio.ricci112@example.com,IT69P9318635968924848000112,full_time,Engineering,40,3645,0,2,2020-04-22,
EMP-00113,Elena,Fischer,elena.fischer113@example.com,IT62C0554454593859847200113,full_time,Marketing,40,2300,0,6,2023-12-15,
EMP-00114,Luca,Russo,luca.russo114@example.com,IT71N0207014388265675300114,part_time,Marketing,20,1350,0,0,2022-01-10,
EMP-00115,Fabio,Brandt,fabio.brandt115@example.com,IT92K6660112475446301500115,full_time,Operations,40,2500,0,12,2022-05-27,
EMP-00116,Emma,Mancini,emma.mancini116@example.com,IT80E8669695970889869300116,full_time,Customer Support,40,2550,0,12,2018-08-23,
EMP-00117,Greta,Rossi,greta.rossi117@example.com,IT95P6694353447733567200117,full_time,HR,40,2400,0,20,2017-03-15,
EMP-00118,Marta,Silva,marta.silva118@example.com,IT38Z1192067708370971800118,full_time,Customer Support,40,1900,50,4,2021-03-14,
EMP-00119,Ilaria,Fischer,ilaria.fischer119@example.com,IT47T5826557970879081900119,part_time,Customer Support,20,1600,180,20,2019-02-20,
EMP-00120,Carla,Lombardi,carla.lombardi120@example.com,IT18W6780944364002106300120,apprenticeship,Operations,40,1700,60,2,2024-01-10,
EMP-00121,Carla,Haddad,carla.haddad121@example.com,IT70Z7564232864777101800121,full_time,Sales,40,3050,160,0,2021-09-02,
EMP-00122,Rosa,Haddad,rosa.haddad122@example.com,IT58C0173379493953770700122,apprenticeship,Finance,40,2500,0,4,2013-09-26,
EMP-00123,Alma,Vitale,alma.vitale123@example.com,IT47J2795423543335256800123,full_time,Customer Support,40,2250,170,0,2012-05-05,
EMP-00124,Jonas,Lombardi,jonas.lombardi124@example.com,IT27P9165511172909137200124,full_time,Operations,40,2500,270,12,2024-07-19,
EMP-00125,Sergio,Greco,sergio.greco125@example.com,IT91H7377774385422531700125,full_time,HR,40,3000,0,8,2017-06-13,
EMP-00126,Alma,Weber,alma.weber126@example.com,IT81G3290022053811287400126,part_time,Operations,24,1850,0,6,2021-10-24,
EMP-00127,Klara,Serra,klara.serra127@example.com,IT29K5966910162662897200127,apprenticeship,Customer Support,40,1800,0,20,2016-01-25,
EMP-00128,Quirino,Okafor,quirino.okafor128@example.com,IT17W7099428495956294900128,full_time,Operations,40,2500,0,0,2016-04-19,
EMP-00129,Omar,Rinaldi,omar.rinaldi129@example.com,IT47D8462083519910633800129,full_time,Customer Support,40,1900,0,6,2022-04-23,
EMP-00130,Fabio,Kowalski,fabio.kowalski130@example.com,IT95S2472900338160454300130,full_time,Sales,40,3550,0,6,2018-04-13,
EMP-00131,Yara,Rinaldi,yara.rinaldi131@example.com,IT21K9285755706155111400131,full_time,Customer Support,40,1800,0,6,2024-02-30,
EMP-00132,Lorenzo,Ferrari,lorenzo.ferrari132@example.com,IT11F0422706080494563700132,full_time,HR,40,3350,190,6,2015-04-02,
EMP-00133,Mira,Nilsen,mira.nilsen133@example.com,IT95G2101736503824053600133,full_time,HR,40,3000,70,0,2016-07-28,
EMP-00134,Vera,Esposito,vera.esposito134@example.com,IT62G0621270561561306600134,full_time,HR,40,2600,0,6,2015-05-01,
EMP-00135,Hugo,Fischer,hugo.fischer135@example.com,IT43Z7532782902679150100135,full_time,Sales,40,2150,250,8,2014-02-03,
EMP-00136,Ximena,Rossi,ximena.rossi136@example.com,IT87G1289343119565195700136,part_time,HR,24,1138,0,2,2019-09-11,
EMP-00137,Davide,Moretti,davide.moretti137@example.com,IT11S8492195277625603200137,part_time,HR,20,1350,0,0,2024-01-17,
EMP-00138,Marta,Testa,marta.testa138@example.com,IT33M6431626246344050700138,apprenticeship,HR,40,2300,0,4,2019-07-10,
EMP-00139,Yara,Ferrari,yara.ferrari139@example.com,IT18Y4073853851817167500139,fixed_term,Customer Support,40,1850,0,2,2023-01-18,
EMP-00140,Katia,Testa,katia.testa140@example.com,IT58H3646964712919656100140,full_time,Sales,40,2850,0,6,2021-08-09,
EMP-00141,Paola,Weber,paola.weber141@example.com,IT49D6498447561519110200141,full_time,Sales,40,3500,0,8,2018-09-24,
EMP-00142,Mira,Martin,mira.martin142@example.com,IT14L7590418566842756100142,full_time,Operations,40,2100,0,16,2014-05-04,
EMP-00144,Luca,Longo,luca.longo144@example.com,IT29S6186847051631572100144,full_time,Engineering,40,3000,0,0,2012-01-22,
EMP-00145,Luca,Caruso,luca.caruso145@example.com,IT38Q4797110037557275000145,full_time,Marketing,40,3200,210,0,2015-01-12,
EMP-00146,Walter,Caruso,walter.caruso146@example.com,IT55F2603385737150421000146,full_time,Engineering,40,3300,0,0,2014-11-25,
EMP-00147,Carla,Bianchi,carla.bianchi147@example.com,IT35G3791168542042051300147,fixed_term,Finance,20,1500,90,20,2016-06-03,
EMP-00148,Zeno,Dubois,zeno.dubois148@example.com,IT18V5901111534035705200148,full_time,Finance,40,2250,0,2,2017-05-10,
EMP-00149,Davide,Brandt,davide.brandt149@example.com,IT24F1961225328853484300149,full_time,Operations,40,2700,0,4,2015-01-05,
EMP-00150,Alma,Kowalski,alma.kowalski150@example.com,IT78V7722893127005406800150,full_time,Engineering,40,28000,0,0,2018-03-09,
EMP-00151,Fabio,Okafor,fabio.okafor151@example.com,IT36Y9933860666650197000151,full_time,Engineering,40,3550,0,8,2015-12-25,
EMP-00152,Nadia,Ferrari,nadia.ferrari152@example.com,IT50X1631832370057449800152,full_time,Operations,40,2350,0,4,2019-08-24,
EMP-00153,Dario,Rinaldi,dario.rinaldi153@example.com,IT99Y7847916868986840800153,full_time,Marketing,40,3400,370,0,2024-01-02,
EMP-00154,Mira,Longo,mira.longo154@example.com,IT72F4236448140903955900154,apprenticeship,Operations,40,2200,0,0,2018-12-18,
EMP-00155,Nadia,Greco,nadia.greco155@example.com,IT28X7606276525976444700155,full_time,Engineering,40,2600,150,8,2019-05-15,
EMP-00156,Teresa,Longo,teresa.longo156@example.com,IT65L6236392623469780700156,full_time,Engineering,40,3550,300,20,2014-07-17,
EMP-00157,Luca,Sartori,luca.sartori157@example.com,IT42Q1112985887007224400157,full_time,Operations,40,2600,90,16,2012-06-08,
EMP-00158,Teresa,Villa,teresa.villa158@example.com,IT13Z7494353564916360801058,full_time,Customer Support,40,2100,0,0,2020-12-04,
EMP-00159,Fabio,Marino,fabio.marino159@example.com,IT59X9936582478931434900159,full_time,Engineering,40,3600,0,8,2023-09-28,
EMP-00160,Yara,Romano,yara.romano160@example.com,IT28M4372667260435024300160,fixed_term,Finance,40,3650,0,8,2019-07-14,
EMP-00161,Mira,Novak,mira.novak161@example.com,IT88R9845099326797903500161,full_time,Sales,40,2250,170,20,2020-12-13,
EMP-00162,Davide,Pellegrini,davide.pellegrini162@example.com,IT51H5840070061434240500162,full_time,Engineering,40,4100,0,4,2014-07-19,
EMP-00163,Sergio,Mancini,sergio.mancini163@example.com,IT99K5661246347713969200163,full_time,Sales,40,2350,0,2,2019-05-11,
EMP-00164,Nils,Russo,nils.russo164@example.com,IT62A2316996679636196000164,full_time,Customer Support,40,2500,0,-5,2013-12-20,
EMP-00165,Ilaria,Dubois,ilaria.dubois165@example.com,IT71M3443192683914443900165,full_time,Sales,40,2850,0,8,2024-02-05,
EMP-00166,Omar,Caruso,omar.caruso166@example.com,IT21U7677962245713126800166,full_time,Finance,40,3450,0,0,2016-04-01,
EMP-00167,Vera,Mancini,vera.mancini167@example.com,IT81N1200077742179731800167,apprenticeship,Finance,40,2750,0,20,2023-09-13,
EMP-00168,Hamid,Bianchi,hamid.bianchi168@example.com,IT28E5299380288813561300168,full_time,Customer Support,40,2550,0,0,2020-09-24,
EMP-00169,Luca,Bianchi,luca.bianchi169@example.com,IT87K4600269932733402500169,part_time,HR,30,2500,0,6,2020-08-12,
EMP-00170,Omar,Moretti,omar.moretti170@example.com,IT77Z8332226022684792900170,full_time,Sales,40,3150,340,10,2013-10-15,
EMP-00171,Teresa,Santoro,teresa.santoro171@example.com,IT91J0784607163966252300171,full_time,Sales,40,2400,0,20,2012-11-21,
EMP-00172,Zeno,Villa,zeno.villa172@example.com,IT98C7953645372950217100172,full_time,Engineering,40,3900,0,0,2024-10-06,2024-10-15
EMP-00173,Mira,Costa,mira.costa173@example.com,IT54P5297993535467859800173,full_time,Finance,40,2800,0,4,2018-12-27,
EMP-00174,Lorenzo,Greco,lorenzo.greco174@example.com,IT35H0266477078615662000174,part_time,Engineering,30,2700,0,2,2018-04-21,
EMP-00175,Katia,Lombardi,katia.lombardi175@example.com,IT86E3141743550661281500175,full_time,Finance,40,2650,0,10,2024-04-04,
EMP-00176,Quirino,Fischer,quirino.fischer176@example.com,IT53J0068774226471737500176,full_time,Finance,40,2300,3450,2,2015-06-08,
EMP-00177,Emma,Testa,emma.testa177@example.com,IT87B0830964976223992100177,full_time,Sales,40,1900,0,2,2018-11-05,
EMP-00178,Luca,Marino,luca.marino178@example.com,IT98B2634179218118328000178,full_time,Marketing,40,2400,0,2,2016-08-17,
EMP-00179,Carla,Ricci,carla.ricci179@example.com,IT17Z2751074516586972500179,apprenticeship,Engineering,40,2200,0,2,2020-03-08,
EMP-00180,Ilaria,Rinaldi,ilaria.rinaldi180@example.com,IT66A9916466554677207300180,full_time,Sales,40,2950,0,8,2014-10-21,
EMP-00181,Bekir,Leone,bekir.leone181@example.com,IT41H5366849412970150300181,full_time,HR,40,2200,210,2,2020-06-19,
EMP-00182,Ugo,Santoro,ugo.santoro182@example.com,IT12Z7842941686172210600182,full_time,Marketing,40,2950,0,4,2015-03-26,
EMP-00183,Giulia,Okafor,ilaria.kowalski19@example.com,IT34H4435731420197819100183,part_time,Engineering,20,2200,60,8,2016-07-21,
EMP-00184,Teresa,Costa,teresa.costa184@example.com,IT19D5637122158686746500184,full_time,Customer Support,40,2150,0,6,2019-04-21,
EMP-00185,Greta,Galli,greta.galli185@example.com,IT41S2503535138204484600185,full_time,HR,40,2250,0,20,2021-06-13,
EMP-00186,Giulia,Yilmaz,giulia.yilmaz186@example.com,IT85N6179699379485721400186,full_time,Customer Support,40,1900,0,0,2022-02-21,
EMP-00187,Dario,Fischer,dario.fischer187@example.com,IT27N0578105794562602300187,full_time,Sales,40,3450,310,4,2019-06-10,
EMP-00188,Emma,Rinaldi,emma.rinaldi188@example.com,IT64L7022211869712141600188,part_time,Operations,20,1000,40,2,2016-12-11,2010-01-01
EMP-00189,Greta,Sartori,greta.sartori189@example.com,IT64A0575202669094557400189,fixed_term,Operations,40,3200,0,0,2016-08-02,
EMP-00190,Elena,Esposito,elena.esposito190@example.com,IT22G2853891178969557100190,fixed_term,Finance,40,2950,0,0,2018-10-17,
EMP-00191,Carla,Novak,carla.novak191@example.com,IT17S3402418801124280600191,full_time,Customer Support,40,2050,0,16,2021-06-01,
EMP-00192,Chiara,Martin,chiara.martin192@example.com,IT50Z1716858055670938300192,apprenticeship,HR,40,1500,140,20,2015-12-06,
EMP-00193,Ilaria,Marino,ilaria.marino193@example.com,IT25H2875237096907835300193,full_time,Operations,40,2900,0,2,2024-01-07,
EMP-00194,Klara,Ricci,klara.ricci194@example.com,IT34Q9917169324340172500194,fixed_term,Customer Support,40,1850,190,16,2020-03-22,
EMP-00195,Walter,Rossi,walter.rossi195@example.com,IT50Z2334833655566817500195,apprenticeship,Operations,40,1450,0,8,2017-07-02,
EMP-00196,Luca,Kowalski,luca.kowalski196@example.com,IT32Y0927794385099284800196,apprenticeship,Marketing,40,1950,0,10,2015-03-09,
EMP-00197,Ximena,Testa,ximena.testa197@example.com,IT71K0852018503551841500197,full_time,Sales,40,2900,0,0,2024-09-21,
EMP-00198,Zeno,Vitale,zeno.vitale198@example.com,IT87M8277197159627989600198,part_time,Engineering,20,1300,0,2,2014-12-01,
EMP-00199,Quirino,Mancini,quirino.mancini199@example.com,IT69M6924122224681992300199,full_time,Customer Support,40,1800,0,4,2022-03-19,
EMP-00200,Bekir,Moretti,bekir.moretti200@example.com,IT70B3465490090146858600200,full_time,Customer Support,40,2000,0,0,2019-06-20,
EMP-00201,Ada,Ricci,ada.ricci201@example.com,IT78W0351184556428078700201,full_time,Sales,40,2600,0,12,2024-09-09,
EMP-00202,Marta,Costa,marta.costa202@example.com,IT68Q5241737304564200900202,full_time,Engineering,40,2700,0,0,2024-09-12,
EMP-00203,Irene,Santoro,irene.santoro203@example.com,IT99M0164983147361131300203,,Customer Support,24,1500,0,0,2024-09-01,
EMP-00204,Vera,Brandt,vera.brandt204@example.com,IT19N0559138965754401700204,full_time,Engineering,40,2700,0,0,2024-09-14,
,Quirino,Fischer,quirino.fischer205@example.com,IT31K3856906824738402700205,full_time,Operations,40,2200,0,10,2015-08-03,
EMP-00206,Broken,Row,broken.row@example.com,IT00Q0000000000000000000206,full_time,Operations,40,2400,0,2,2024-08-01,,UNEXPECTED
